<metadata xml:lang="en"><Esri><CreaDate>20220511</CreaDate><CreaTime>19341000</CreaTime><ArcGISFormat>1.0</ArcGISFormat><SyncOnce>FALSE</SyncOnce><DataProperties><lineage><Process ToolSource="c:\program files\arcgis\pro\Resources\ArcToolbox\toolboxes\Analysis Tools.tbx\SpatialJoin" Date="20220511" Time="193410">SpatialJoin ct_projected_Layer4 "D:\Box Sync\Spring 2021\DHS Project\DHS_safegraph\DHS_safegraph.gdb\Primary_providers" "D:\Box Sync\Spring 2021\DHS Project\DHS_safegraph\DHS_safegraph.gdb\ct_intermeidate" "Join one to one" KEEP_ALL "STATEFP "STATEFP" true true false 2 Text 0 0,First,#,D:\Box Sync\Spring 2021\DHS Project\DHS_safegraph\DHS_safegraph.gdb\ct_projected,ct_projected.STATEFP,0,2;COUNTYFP "COUNTYFP" true true false 3 Text 0 0,First,#,D:\Box Sync\Spring 2021\DHS Project\DHS_safegraph\DHS_safegraph.gdb\ct_projected,ct_projected.COUNTYFP,0,3;TRACTCE "TRACTCE" true true false 6 Text 0 0,First,#,D:\Box Sync\Spring 2021\DHS Project\DHS_safegraph\DHS_safegraph.gdb\ct_projected,ct_projected.TRACTCE,0,6;GEOID "GEOID" true true false 11 Text 0 0,First,#,D:\Box Sync\Spring 2021\DHS Project\DHS_safegraph\DHS_safegraph.gdb\ct_projected,ct_projected.GEOID,0,11;NAME "NAME" true true false 7 Text 0 0,First,#,D:\Box Sync\Spring 2021\DHS Project\DHS_safegraph\DHS_safegraph.gdb\ct_projected,ct_projected.NAME,0,7;NAMELSAD "NAMELSAD" true true false 20 Text 0 0,First,#,D:\Box Sync\Spring 2021\DHS Project\DHS_safegraph\DHS_safegraph.gdb\ct_projected,ct_projected.NAMELSAD,0,20;MTFCC "MTFCC" true true false 5 Text 0 0,First,#,D:\Box Sync\Spring 2021\DHS Project\DHS_safegraph\DHS_safegraph.gdb\ct_projected,ct_projected.MTFCC,0,5;FUNCSTAT "FUNCSTAT" true true false 1 Text 0 0,First,#,D:\Box Sync\Spring 2021\DHS Project\DHS_safegraph\DHS_safegraph.gdb\ct_projected,ct_projected.FUNCSTAT,0,1;ALAND "ALAND" true true false 8 Double 0 0,First,#,D:\Box Sync\Spring 2021\DHS Project\DHS_safegraph\DHS_safegraph.gdb\ct_projected,ct_projected.ALAND,-1,-1;AWATER "AWATER" true true false 8 Double 0 0,First,#,D:\Box Sync\Spring 2021\DHS Project\DHS_safegraph\DHS_safegraph.gdb\ct_projected,ct_projected.AWATER,-1,-1;INTPTLAT "INTPTLAT" true true false 11 Text 0 0,First,#,D:\Box Sync\Spring 2021\DHS Project\DHS_safegraph\DHS_safegraph.gdb\ct_projected,ct_projected.INTPTLAT,0,11;INTPTLON "INTPTLON" true true false 12 Text 0 0,First,#,D:\Box Sync\Spring 2021\DHS Project\DHS_safegraph\DHS_safegraph.gdb\ct_projected,ct_projected.INTPTLON,0,12;ct_num "ct_num" true true false 8 Double 0 0,First,#,D:\Box Sync\Spring 2021\DHS Project\DHS_safegraph\DHS_safegraph.gdb\ct_projected,ct_projected.ct_num,-1,-1;Shape_Length "Shape_Length" false true true 8 Double 0 0,First,#,D:\Box Sync\Spring 2021\DHS Project\DHS_safegraph\DHS_safegraph.gdb\ct_projected,ct_projected.Shape_Length,-1,-1;Shape_Area "Shape_Area" false true true 8 Double 0 0,First,#,D:\Box Sync\Spring 2021\DHS Project\DHS_safegraph\DHS_safegraph.gdb\ct_projected,ct_projected.Shape_Area,-1,-1;ct "ct" true true false 8 Double 0 0,First,#,D:\Box Sync\Spring 2021\DHS Project\DHS_safegraph\DHS_safegraph.gdb\ct_projected,wi_ct_demo.csv.ct,-1,-1;pop "pop" true true false 4 Long 0 0,First,#,D:\Box Sync\Spring 2021\DHS Project\DHS_safegraph\DHS_safegraph.gdb\ct_projected,wi_ct_demo.csv.pop,-1,-1;poverty "poverty" true true false 4 Long 0 0,First,#,D:\Box Sync\Spring 2021\DHS Project\DHS_safegraph\DHS_safegraph.gdb\ct_projected,wi_ct_demo.csv.poverty,-1,-1;youth "youth" true true false 4 Long 0 0,First,#,D:\Box Sync\Spring 2021\DHS Project\DHS_safegraph\DHS_safegraph.gdb\ct_projected,wi_ct_demo.csv.youth,-1,-1;adults "adults" true true false 4 Long 0 0,First,#,D:\Box Sync\Spring 2021\DHS Project\DHS_safegraph\DHS_safegraph.gdb\ct_projected,wi_ct_demo.csv.adults,-1,-1;elderly "elderly" true true false 4 Long 0 0,First,#,D:\Box Sync\Spring 2021\DHS Project\DHS_safegraph\DHS_safegraph.gdb\ct_projected,wi_ct_demo.csv.elderly,-1,-1;pop_lwinc "pop_lwinc" true true false 4 Long 0 0,First,#,D:\Box Sync\Spring 2021\DHS Project\DHS_safegraph\DHS_safegraph.gdb\ct_projected,wi_ct_demo.csv.pop_lwinc,-1,-1;white "white" true true false 4 Long 0 0,First,#,D:\Box Sync\Spring 2021\DHS Project\DHS_safegraph\DHS_safegraph.gdb\ct_projected,wi_ct_demo.csv.white,-1,-1;black "black" true true false 4 Long 0 0,First,#,D:\Box Sync\Spring 2021\DHS Project\DHS_safegraph\DHS_safegraph.gdb\ct_projected,wi_ct_demo.csv.black,-1,-1;native "native" true true false 4 Long 0 0,First,#,D:\Box Sync\Spring 2021\DHS Project\DHS_safegraph\DHS_safegraph.gdb\ct_projected,wi_ct_demo.csv.native,-1,-1;asian "asian" true true false 4 Long 0 0,First,#,D:\Box Sync\Spring 2021\DHS Project\DHS_safegraph\DHS_safegraph.gdb\ct_projected,wi_ct_demo.csv.asian,-1,-1;hawaiian "hawaiian" true true false 4 Long 0 0,First,#,D:\Box Sync\Spring 2021\DHS Project\DHS_safegraph\DHS_safegraph.gdb\ct_projected,wi_ct_demo.csv.hawaiian,-1,-1;other "other" true true false 4 Long 0 0,First,#,D:\Box Sync\Spring 2021\DHS Project\DHS_safegraph\DHS_safegraph.gdb\ct_projected,wi_ct_demo.csv.other,-1,-1;two "two" true true false 4 Long 0 0,First,#,D:\Box Sync\Spring 2021\DHS Project\DHS_safegraph\DHS_safegraph.gdb\ct_projected,wi_ct_demo.csv.two,-1,-1;hispanic "hispanic" true true false 4 Long 0 0,First,#,D:\Box Sync\Spring 2021\DHS Project\DHS_safegraph\DHS_safegraph.gdb\ct_projected,wi_ct_demo.csv.hispanic,-1,-1;white_noh "white_noh" true true false 4 Long 0 0,First,#,D:\Box Sync\Spring 2021\DHS Project\DHS_safegraph\DHS_safegraph.gdb\ct_projected,wi_ct_demo.csv.white_noh,-1,-1;no_hispanic "no_hispanic" true true false 4 Long 0 0,First,#,D:\Box Sync\Spring 2021\DHS Project\DHS_safegraph\DHS_safegraph.gdb\ct_projected,wi_ct_demo.csv.no_hispanic,-1,-1;white_perc "white_perc" true true false 8 Double 0 0,First,#,D:\Box Sync\Spring 2021\DHS Project\DHS_safegraph\DHS_safegraph.gdb\ct_projected,wi_ct_demo.csv.white_perc,-1,-1;black_perc "black_perc" true true false 8 Double 0 0,First,#,D:\Box Sync\Spring 2021\DHS Project\DHS_safegraph\DHS_safegraph.gdb\ct_projected,wi_ct_demo.csv.black_perc,-1,-1;native_perc "native_perc" true true false 8 Double 0 0,First,#,D:\Box Sync\Spring 2021\DHS Project\DHS_safegraph\DHS_safegraph.gdb\ct_projected,wi_ct_demo.csv.native_perc,-1,-1;median_inc "median_inc" true true false 8000 Text 0 0,First,#,D:\Box Sync\Spring 2021\DHS Project\DHS_safegraph\DHS_safegraph.gdb\ct_projected,wi_ct_demo.csv.median_inc,0,8000,D:\Box Sync\Spring 2021\DHS Project\DHS_safegraph\DHS_safegraph.gdb\ct_projected,wi_ct_demo.csv.median_inc,0,8000;mean_inc "mean_inc" true true false 8000 Text 0 0,First,#,D:\Box Sync\Spring 2021\DHS Project\DHS_safegraph\DHS_safegraph.gdb\ct_projected,wi_ct_demo.csv.mean_inc,0,8000,D:\Box Sync\Spring 2021\DHS Project\DHS_safegraph\DHS_safegraph.gdb\ct_projected,wi_ct_demo.csv.mean_inc,0,8000,D:\Box Sync\Spring 2021\DHS Project\DHS_safegraph\DHS_safegraph.gdb\ct_projected,wi_ct_demo.csv.mean_inc,0,8000;hispanic_perc "hispanic_perc" true true false 8 Double 0 0,First,#,D:\Box Sync\Spring 2021\DHS Project\DHS_safegraph\DHS_safegraph.gdb\ct_projected,wi_ct_demo.csv.hispanic_perc,-1,-1;county "county" true true false 4 Long 0 0,First,#,D:\Box Sync\Spring 2021\DHS Project\DHS_safegraph\DHS_safegraph.gdb\ct_projected,wi_ct_demo.csv.county,-1,-1;substate "substate" true true false 8000 Text 0 0,First,#,D:\Box Sync\Spring 2021\DHS Project\DHS_safegraph\DHS_safegraph.gdb\ct_projected,wi_ct_demo.csv.substate,0,8000;alcohol "alcohol" true true false 4 Long 0 0,First,#,D:\Box Sync\Spring 2021\DHS Project\DHS_safegraph\DHS_safegraph.gdb\ct_projected,wi_ct_demo.csv.alcohol,-1,-1;substance "substance" true true false 4 Long 0 0,First,#,D:\Box Sync\Spring 2021\DHS Project\DHS_safegraph\DHS_safegraph.gdb\ct_projected,wi_ct_demo.csv.substance,-1,-1;sum_claims "sum_claims" true true false 4 Long 0 0,Sum,#,D:\Box Sync\Spring 2021\DHS Project\DHS_safegraph\DHS_safegraph.gdb\Primary_providers,Annual_Medicaid_Claims,-1,-1;SUM_fte "SUM_fte" true true false 8 Double 0 0,Sum,#,D:\Box Sync\Spring 2021\DHS Project\DHS_safegraph\DHS_safegraph.gdb\Primary_providers,FTE,-1,-1;SUM_fte_lwinc "SUM_fte_lwinc" true true false 8 Double 0 0,Sum,#,D:\Box Sync\Spring 2021\DHS Project\DHS_safegraph\DHS_safegraph.gdb\Primary_providers,FTE_lwinc,-1,-1" "Completely contains" # #</Process><Process ToolSource="c:\program files\arcgis\pro\Resources\ArcToolbox\toolboxes\Analysis Tools.tbx\SpatialJoin" Date="20220511" Time="193411">SpatialJoin "D:\Box Sync\Spring 2021\DHS Project\DHS_safegraph\DHS_safegraph.gdb\ct_intermeidate" "D:\Box Sync\Spring 2021\DHS Project\DHS_safegraph\DHS_safegraph.gdb\Mental_providers" "D:\Box Sync\Spring 2021\DHS Project\DHS_safegraph\shp\wi_ct_demo_fte\wi_ct_demo_fte_0511.shp" "Join one to one" KEEP_ALL "Join_Count "Join_Count" true true false 4 Long 0 0,First,#,D:\Box Sync\Spring 2021\DHS Project\DHS_safegraph\DHS_safegraph.gdb\ct_intermeidate,Join_Count,-1,-1;TARGET_FID "TARGET_FID" true true false 4 Long 0 0,First,#,D:\Box Sync\Spring 2021\DHS Project\DHS_safegraph\DHS_safegraph.gdb\ct_intermeidate,TARGET_FID,-1,-1;STATEFP "STATEFP" true true false 2 Text 0 0,First,#,D:\Box Sync\Spring 2021\DHS Project\DHS_safegraph\DHS_safegraph.gdb\ct_intermeidate,STATEFP,0,2;COUNTYFP "COUNTYFP" true true false 3 Text 0 0,First,#,D:\Box Sync\Spring 2021\DHS Project\DHS_safegraph\DHS_safegraph.gdb\ct_intermeidate,COUNTYFP,0,3;TRACTCE "TRACTCE" true true false 6 Text 0 0,First,#,D:\Box Sync\Spring 2021\DHS Project\DHS_safegraph\DHS_safegraph.gdb\ct_intermeidate,TRACTCE,0,6;GEOID "GEOID" true true false 11 Text 0 0,First,#,D:\Box Sync\Spring 2021\DHS Project\DHS_safegraph\DHS_safegraph.gdb\ct_intermeidate,GEOID,0,11;NAME "NAME" true true false 7 Text 0 0,First,#,D:\Box Sync\Spring 2021\DHS Project\DHS_safegraph\DHS_safegraph.gdb\ct_intermeidate,NAME,0,7;NAMELSAD "NAMELSAD" true true false 20 Text 0 0,First,#,D:\Box Sync\Spring 2021\DHS Project\DHS_safegraph\DHS_safegraph.gdb\ct_intermeidate,NAMELSAD,0,20;MTFCC "MTFCC" true true false 5 Text 0 0,First,#,D:\Box Sync\Spring 2021\DHS Project\DHS_safegraph\DHS_safegraph.gdb\ct_intermeidate,MTFCC,0,5;FUNCSTAT "FUNCSTAT" true true false 1 Text 0 0,First,#,D:\Box Sync\Spring 2021\DHS Project\DHS_safegraph\DHS_safegraph.gdb\ct_intermeidate,FUNCSTAT,0,1;ALAND "ALAND" true true false 8 Double 0 0,First,#,D:\Box Sync\Spring 2021\DHS Project\DHS_safegraph\DHS_safegraph.gdb\ct_intermeidate,ALAND,-1,-1;AWATER "AWATER" true true false 8 Double 0 0,First,#,D:\Box Sync\Spring 2021\DHS Project\DHS_safegraph\DHS_safegraph.gdb\ct_intermeidate,AWATER,-1,-1;INTPTLAT "INTPTLAT" true true false 11 Text 0 0,First,#,D:\Box Sync\Spring 2021\DHS Project\DHS_safegraph\DHS_safegraph.gdb\ct_intermeidate,INTPTLAT,0,11;INTPTLON "INTPTLON" true true false 12 Text 0 0,First,#,D:\Box Sync\Spring 2021\DHS Project\DHS_safegraph\DHS_safegraph.gdb\ct_intermeidate,INTPTLON,0,12;ct_num "ct_num" true true false 8 Double 0 0,First,#,D:\Box Sync\Spring 2021\DHS Project\DHS_safegraph\DHS_safegraph.gdb\ct_intermeidate,ct_num,-1,-1;ct "ct" true true false 8 Double 0 0,First,#,D:\Box Sync\Spring 2021\DHS Project\DHS_safegraph\DHS_safegraph.gdb\ct_intermeidate,ct,-1,-1;pop "pop" true true false 4 Long 0 0,First,#,D:\Box Sync\Spring 2021\DHS Project\DHS_safegraph\DHS_safegraph.gdb\ct_intermeidate,pop,-1,-1;poverty "poverty" true true false 4 Long 0 0,First,#,D:\Box Sync\Spring 2021\DHS Project\DHS_safegraph\DHS_safegraph.gdb\ct_intermeidate,poverty,-1,-1;youth "youth" true true false 4 Long 0 0,First,#,D:\Box Sync\Spring 2021\DHS Project\DHS_safegraph\DHS_safegraph.gdb\ct_intermeidate,youth,-1,-1;adults "adults" true true false 4 Long 0 0,First,#,D:\Box Sync\Spring 2021\DHS Project\DHS_safegraph\DHS_safegraph.gdb\ct_intermeidate,adults,-1,-1;elderly "elderly" true true false 4 Long 0 0,First,#,D:\Box Sync\Spring 2021\DHS Project\DHS_safegraph\DHS_safegraph.gdb\ct_intermeidate,elderly,-1,-1;pop_lwinc "pop_lwinc" true true false 4 Long 0 0,First,#,D:\Box Sync\Spring 2021\DHS Project\DHS_safegraph\DHS_safegraph.gdb\ct_intermeidate,pop_lwinc,-1,-1;white "white" true true false 4 Long 0 0,First,#,D:\Box Sync\Spring 2021\DHS Project\DHS_safegraph\DHS_safegraph.gdb\ct_intermeidate,white,-1,-1;black "black" true true false 4 Long 0 0,First,#,D:\Box Sync\Spring 2021\DHS Project\DHS_safegraph\DHS_safegraph.gdb\ct_intermeidate,black,-1,-1;native "native" true true false 4 Long 0 0,First,#,D:\Box Sync\Spring 2021\DHS Project\DHS_safegraph\DHS_safegraph.gdb\ct_intermeidate,native,-1,-1;asian "asian" true true false 4 Long 0 0,First,#,D:\Box Sync\Spring 2021\DHS Project\DHS_safegraph\DHS_safegraph.gdb\ct_intermeidate,asian,-1,-1;hawaiian "hawaiian" true true false 4 Long 0 0,First,#,D:\Box Sync\Spring 2021\DHS Project\DHS_safegraph\DHS_safegraph.gdb\ct_intermeidate,hawaiian,-1,-1;other "other" true true false 4 Long 0 0,First,#,D:\Box Sync\Spring 2021\DHS Project\DHS_safegraph\DHS_safegraph.gdb\ct_intermeidate,other,-1,-1;two "two" true true false 4 Long 0 0,First,#,D:\Box Sync\Spring 2021\DHS Project\DHS_safegraph\DHS_safegraph.gdb\ct_intermeidate,two,-1,-1;hispanic "hispanic" true true false 4 Long 0 0,First,#,D:\Box Sync\Spring 2021\DHS Project\DHS_safegraph\DHS_safegraph.gdb\ct_intermeidate,hispanic,-1,-1;white_noh "white_noh" true true false 4 Long 0 0,First,#,D:\Box Sync\Spring 2021\DHS Project\DHS_safegraph\DHS_safegraph.gdb\ct_intermeidate,white_noh,-1,-1;no_hispanic "no_hispanic" true true false 4 Long 0 0,First,#,D:\Box Sync\Spring 2021\DHS Project\DHS_safegraph\DHS_safegraph.gdb\ct_intermeidate,no_hispanic,-1,-1;white_perc "white_perc" true true false 8 Double 0 0,First,#,D:\Box Sync\Spring 2021\DHS Project\DHS_safegraph\DHS_safegraph.gdb\ct_intermeidate,white_perc,-1,-1;black_perc "black_perc" true true false 8 Double 0 0,First,#,D:\Box Sync\Spring 2021\DHS Project\DHS_safegraph\DHS_safegraph.gdb\ct_intermeidate,black_perc,-1,-1;native_perc "native_perc" true true false 8 Double 0 0,First,#,D:\Box Sync\Spring 2021\DHS Project\DHS_safegraph\DHS_safegraph.gdb\ct_intermeidate,native_perc,-1,-1;median_inc "median_inc" true true false 8000 Text 0 0,First,#,D:\Box Sync\Spring 2021\DHS Project\DHS_safegraph\DHS_safegraph.gdb\ct_intermeidate,median_inc,0,8000;mean_inc "mean_inc" true true false 8000 Text 0 0,First,#,D:\Box Sync\Spring 2021\DHS Project\DHS_safegraph\DHS_safegraph.gdb\ct_intermeidate,mean_inc,0,8000;hispanic_perc "hispanic_perc" true true false 8 Double 0 0,First,#,D:\Box Sync\Spring 2021\DHS Project\DHS_safegraph\DHS_safegraph.gdb\ct_intermeidate,hispanic_perc,-1,-1;county "county" true true false 4 Long 0 0,First,#,D:\Box Sync\Spring 2021\DHS Project\DHS_safegraph\DHS_safegraph.gdb\ct_intermeidate,county,-1,-1;substate "substate" true true false 8000 Text 0 0,First,#,D:\Box Sync\Spring 2021\DHS Project\DHS_safegraph\DHS_safegraph.gdb\ct_intermeidate,substate,0,8000;alcohol "alcohol" true true false 4 Long 0 0,First,#,D:\Box Sync\Spring 2021\DHS Project\DHS_safegraph\DHS_safegraph.gdb\ct_intermeidate,alcohol,-1,-1;substance "substance" true true false 4 Long 0 0,First,#,D:\Box Sync\Spring 2021\DHS Project\DHS_safegraph\DHS_safegraph.gdb\ct_intermeidate,substance,-1,-1;sum_claims "sum_claims" true true false 4 Long 0 0,First,#,D:\Box Sync\Spring 2021\DHS Project\DHS_safegraph\DHS_safegraph.gdb\ct_intermeidate,sum_claims,-1,-1;SUM_fte "SUM_fte" true true false 8 Double 0 0,First,#,D:\Box Sync\Spring 2021\DHS Project\DHS_safegraph\DHS_safegraph.gdb\ct_intermeidate,SUM_fte,-1,-1;SUM_fte_lwinc "SUM_fte_lwinc" true true false 8 Double 0 0,First,#,D:\Box Sync\Spring 2021\DHS Project\DHS_safegraph\DHS_safegraph.gdb\ct_intermeidate,SUM_fte_lwinc,-1,-1;Shape_Length "Shape_Length" false true true 8 Double 0 0,First,#,D:\Box Sync\Spring 2021\DHS Project\DHS_safegraph\DHS_safegraph.gdb\ct_intermeidate,Shape_Length,-1,-1;Shape_Area "Shape_Area" false true true 8 Double 0 0,First,#,D:\Box Sync\Spring 2021\DHS Project\DHS_safegraph\DHS_safegraph.gdb\ct_intermeidate,Shape_Area,-1,-1;psy_fte "psy_fte" true true false 8 Double 0 0,Sum,#,D:\Box Sync\Spring 2021\DHS Project\DHS_safegraph\DHS_safegraph.gdb\Mental_providers,psy_FTE,-1,-1" "Completely contains" # #</Process><Process ToolSource="c:\program files\arcgis\pro\Resources\ArcToolbox\toolboxes\Data Management Tools.tbx\AddField" Date="20220511" Time="193412">AddField "D:\Box Sync\Spring 2021\DHS Project\DHS_safegraph\shp\wi_ct_demo_fte\wi_ct_demo_fte_0511.shp" pop_fte "Float (single precision)" # # # # NULLABLE NON_REQUIRED #</Process><Process ToolSource="c:\program files\arcgis\pro\Resources\ArcToolbox\toolboxes\Data Management Tools.tbx\CalculateField" Date="20220511" Time="193412">CalculateField "D:\Box Sync\Spring 2021\DHS Project\DHS_safegraph\shp\wi_ct_demo_fte\wi_ct_demo_fte_0511.shp" pop_fte ratio(!pop!,!psy_fte!) "Python 3" "def ratio(pop, fte):
            if fte == 0:
                return math.inf
            else:
                value = pop/fte
                return value " Text NO_ENFORCE_DOMAINS</Process><Process Name="FTE at CT level" ToolSource="D:\Box Sync\Spring 2021\DHS Project\DHS_safegraph\generate FTE_CT layer.pyt\Tool" Date="20220511" Time="193412">Tool "D:\Box Sync\Spring 2021\DHS Project\Maps\census\tl_2019_55_tract\tl_2019_55_tract.shp" "D:\Box Sync\Spring 2021\DHS Project\Maps\census\wi_ct_demo.csv" "D:\Box Sync\Spring 2021\DHS Project\DHS_safegraph\DHS_safegraph.gdb\Primary_providers" "D:\Box Sync\Spring 2021\DHS Project\DHS_safegraph\DHS_safegraph.gdb\Mental_providers" "D:\Box Sync\Spring 2021\DHS Project\DHS_safegraph\shp\wi_ct_demo_fte\wi_ct_demo_fte_0511.shp"</Process><Process ToolSource="c:\program files\arcgis\pro\Resources\ArcToolbox\toolboxes\Data Management Tools.tbx\AddFields" Date="20220803" Time="204041">AddFields wi_ct_demo_fte_0511 "Area DOUBLE # # # #"</Process><Process ToolSource="c:\program files\arcgis\pro\Resources\ArcToolbox\toolboxes\Data Management Tools.tbx\CalculateGeometryAttributes" Date="20220803" Time="204043">CalculateGeometryAttributes wi_ct_demo_fte_0511 "Area AREA" # # PROJCS["USA_Contiguous_Albers_Equal_Area_Conic",GEOGCS["GCS_North_American_1983",DATUM["D_North_American_1983",SPHEROID["GRS_1980",6378137.0,298.257222101]],PRIMEM["Greenwich",0.0],UNIT["Degree",0.0174532925199433]],PROJECTION["Albers"],PARAMETER["False_Easting",0.0],PARAMETER["False_Northing",0.0],PARAMETER["Central_Meridian",-96.0],PARAMETER["Standard_Parallel_1",29.5],PARAMETER["Standard_Parallel_2",45.5],PARAMETER["Latitude_Of_Origin",37.5],UNIT["Meter",1.0]] "Same as input"</Process><Process ToolSource="c:\program files\arcgis\pro\Resources\ArcToolbox\toolboxes\Conversion Tools.tbx\ExportFeatures" Date="20240617" Time="160447">ExportFeatures wi_ct_demo_fte_0511 "D:\Box Sync\Spring 2021\DHS Project\Maps\code\github\data\shp\Wisconsin_censustract.shp" # NOT_USE_ALIAS "GEOID "GEOID" true true false 11 Text 0 0,First,#,wi_ct_demo_fte_0511,GEOID,0,10;NAME "NAME" true true false 7 Text 0 0,First,#,wi_ct_demo_fte_0511,NAME,0,6;ct "ct" true true false 19 Double 0 0,First,#,wi_ct_demo_fte_0511,ct,-1,-1;pop "pop" true true false 10 Long 0 0,First,#,wi_ct_demo_fte_0511,pop,-1,-1" #</Process></lineage><itemProps><itemName Sync="TRUE">Wisconsin_censustract</itemName><imsContentType Sync="TRUE">002</imsContentType><itemSize Sync="TRUE">0.000</itemSize><itemLocation><linkage Sync="TRUE">file://\\GEO-SGAO-LT02\D$\Box Sync\Spring 2021\DHS Project\Maps\code\github\data\shp\Wisconsin_censustract.shp</linkage><protocol Sync="TRUE">Local Area Network</protocol></itemLocation></itemProps><coordRef><type Sync="TRUE">Projected</type><geogcsn Sync="TRUE">GCS_North_American_1983</geogcsn><csUnits Sync="TRUE">Linear Unit: Meter (1.000000)</csUnits><projcsn Sync="TRUE">USA_Contiguous_Albers_Equal_Area_Conic</projcsn><peXml Sync="TRUE">&lt;ProjectedCoordinateSystem xsi:type='typens:ProjectedCoordinateSystem' xmlns:xsi='http://www.w3.org/2001/XMLSchema-instance' xmlns:xs='http://www.w3.org/2001/XMLSchema' xmlns:typens='http://www.esri.com/schemas/ArcGIS/3.2.0'&gt;&lt;WKT&gt;PROJCS[&amp;quot;USA_Contiguous_Albers_Equal_Area_Conic&amp;quot;,GEOGCS[&amp;quot;GCS_North_American_1983&amp;quot;,DATUM[&amp;quot;D_North_American_1983&amp;quot;,SPHEROID[&amp;quot;GRS_1980&amp;quot;,6378137.0,298.257222101]],PRIMEM[&amp;quot;Greenwich&amp;quot;,0.0],UNIT[&amp;quot;Degree&amp;quot;,0.0174532925199433]],PROJECTION[&amp;quot;Albers&amp;quot;],PARAMETER[&amp;quot;False_Easting&amp;quot;,0.0],PARAMETER[&amp;quot;False_Northing&amp;quot;,0.0],PARAMETER[&amp;quot;Central_Meridian&amp;quot;,-96.0],PARAMETER[&amp;quot;Standard_Parallel_1&amp;quot;,29.5],PARAMETER[&amp;quot;Standard_Parallel_2&amp;quot;,45.5],PARAMETER[&amp;quot;Latitude_Of_Origin&amp;quot;,37.5],UNIT[&amp;quot;Meter&amp;quot;,1.0],AUTHORITY[&amp;quot;Esri&amp;quot;,102003]]&lt;/WKT&gt;&lt;XOrigin&gt;-16901100&lt;/XOrigin&gt;&lt;YOrigin&gt;-8579000&lt;/YOrigin&gt;&lt;XYScale&gt;266467840.99085236&lt;/XYScale&gt;&lt;ZOrigin&gt;-100000&lt;/ZOrigin&gt;&lt;ZScale&gt;10000&lt;/ZScale&gt;&lt;MOrigin&gt;-100000&lt;/MOrigin&gt;&lt;MScale&gt;10000&lt;/MScale&gt;&lt;XYTolerance&gt;0.001&lt;/XYTolerance&gt;&lt;ZTolerance&gt;0.001&lt;/ZTolerance&gt;&lt;MTolerance&gt;0.001&lt;/MTolerance&gt;&lt;HighPrecision&gt;true&lt;/HighPrecision&gt;&lt;WKID&gt;102003&lt;/WKID&gt;&lt;LatestWKID&gt;102003&lt;/LatestWKID&gt;&lt;/ProjectedCoordinateSystem&gt;</peXml></coordRef></DataProperties><SyncDate>20240617</SyncDate><SyncTime>16044700</SyncTime><ModDate>20240617</ModDate><ModTime>16044700</ModTime></Esri><dataIdInfo><envirDesc Sync="TRUE">Microsoft Windows 10 Version 10.0 (Build 17134) ; Esri ArcGIS 13.2.0.49743</envirDesc><dataLang><languageCode value="eng" Sync="TRUE"></languageCode><countryCode value="USA" Sync="TRUE"></countryCode></dataLang><idCitation><resTitle Sync="TRUE">Wisconsin_censustract</resTitle><presForm><PresFormCd value="005" Sync="TRUE"></PresFormCd></presForm></idCitation><spatRpType><SpatRepTypCd value="001" Sync="TRUE"></SpatRepTypCd></spatRpType></dataIdInfo><mdLang><languageCode value="eng" Sync="TRUE"></languageCode><countryCode value="USA" Sync="TRUE"></countryCode></mdLang><distInfo><distFormat><formatName Sync="TRUE">Shapefile</formatName></distFormat><distTranOps><transSize Sync="TRUE">0.000</transSize></distTranOps></distInfo><mdHrLv><ScopeCd value="005" Sync="TRUE"></ScopeCd></mdHrLv><mdHrLvName Sync="TRUE">dataset</mdHrLvName><refSysInfo><RefSystem><refSysID><identCode code="102003" Sync="TRUE"></identCode><idCodeSpace Sync="TRUE">Esri</idCodeSpace><idVersion Sync="TRUE">4.0.0</idVersion></refSysID></RefSystem></refSysInfo><spatRepInfo><VectSpatRep><geometObjs Name="Wisconsin_censustract"><geoObjTyp><GeoObjTypCd value="002" Sync="TRUE"></GeoObjTypCd></geoObjTyp><geoObjCnt Sync="TRUE">0</geoObjCnt></geometObjs><topLvl><TopoLevCd value="001" Sync="TRUE"></TopoLevCd></topLvl></VectSpatRep></spatRepInfo><spdoinfo><ptvctinf><esriterm Name="Wisconsin_censustract"><efeatyp Sync="TRUE">Simple</efeatyp><efeageom code="4" Sync="TRUE"></efeageom><esritopo Sync="TRUE">FALSE</esritopo><efeacnt Sync="TRUE">0</efeacnt><spindex Sync="TRUE">FALSE</spindex><linrefer Sync="TRUE">FALSE</linrefer></esriterm></ptvctinf></spdoinfo><eainfo><detailed Name="Wisconsin_censustract"><enttyp><enttypl Sync="TRUE">Wisconsin_censustract</enttypl><enttypt Sync="TRUE">Feature Class</enttypt><enttypc Sync="TRUE">0</enttypc></enttyp><attr><attrlabl Sync="TRUE">FID</attrlabl><attalias Sync="TRUE">FID</attalias><attrtype Sync="TRUE">OID</attrtype><attwidth Sync="TRUE">4</attwidth><atprecis Sync="TRUE">0</atprecis><attscale Sync="TRUE">0</attscale><attrdef Sync="TRUE">Internal feature number.</attrdef><attrdefs Sync="TRUE">Esri</attrdefs><attrdomv><udom Sync="TRUE">Sequential unique whole numbers that are automatically generated.</udom></attrdomv></attr><attr><attrlabl Sync="TRUE">Shape</attrlabl><attalias Sync="TRUE">Shape</attalias><attrtype Sync="TRUE">Geometry</attrtype><attwidth Sync="TRUE">0</attwidth><atprecis Sync="TRUE">0</atprecis><attscale Sync="TRUE">0</attscale><attrdef Sync="TRUE">Feature geometry.</attrdef><attrdefs Sync="TRUE">Esri</attrdefs><attrdomv><udom Sync="TRUE">Coordinates defining the features.</udom></attrdomv></attr><attr><attrlabl Sync="TRUE">GEOID</attrlabl><attalias Sync="TRUE">GEOID</attalias><attrtype Sync="TRUE">String</attrtype><attwidth Sync="TRUE">11</attwidth><atprecis Sync="TRUE">0</atprecis><attscale Sync="TRUE">0</attscale></attr><attr><attrlabl Sync="TRUE">NAME</attrlabl><attalias Sync="TRUE">NAME</attalias><attrtype Sync="TRUE">String</attrtype><attwidth Sync="TRUE">7</attwidth><atprecis Sync="TRUE">0</atprecis><attscale Sync="TRUE">0</attscale></attr><attr><attrlabl Sync="TRUE">ct</attrlabl><attalias Sync="TRUE">ct</attalias><attrtype Sync="TRUE">Double</attrtype><attwidth Sync="TRUE">19</attwidth><atprecis Sync="TRUE">0</atprecis><attscale Sync="TRUE">0</attscale></attr><attr><attrlabl Sync="TRUE">pop</attrlabl><attalias Sync="TRUE">pop</attalias><attrtype Sync="TRUE">Integer</attrtype><attwidth Sync="TRUE">10</attwidth><atprecis Sync="TRUE">10</atprecis><attscale Sync="TRUE">0</attscale></attr></detailed></eainfo><mdDateSt Sync="TRUE">20240617</mdDateSt></metadata>
